FILE_NAME,SLIP_IDX,START_PAGE,NEXT_SLIP_PAGE,PAGE_COUNT,PO_NUMBER,SUPPLIER_NAME
20260717112208142.pdf,0,1,2,1,,SUMMIT SOUTH WAREHOUSE
20260720113937555.pdf,0,1,2,1,,SUMMIT SOUTH WAREHOUSE
20260720154306247.pdf,0,1,2,22,PSN102115,Precision Coating and Finishing
20260720154306247.pdf,1,2,3,22,PSN102000,Apex Electronics and Controls
20260720154306247.pdf,2,3,4,22,200-22-222-2000,NJMP
20260720154306247.pdf,3,4,5,22,JANE SMITH,Central Supply Co
20260720154306247.pdf,4,5,6,22,JANE SMITH,Central Supply Co
20260720154306247.pdf,5,6,7,22,PSN102086,Eagle Transfer and Logistics
20260720154306247.pdf,6,7,8,22,PSN102086,Eagle Transfer and Logistics
20260720154306247.pdf,7,8,9,22,PSN102087,Eagle Transfer and Logistics
20260720154306247.pdf,8,9,10,22,PSN102087,Eagle Transfer and Logistics
20260720154306247.pdf,9,10,11,22,PSN102087,Eagle Transfer and Logistics
20260720154306247.pdf,10,11,12,22,200-PSN101996,Pinnacle
20260720154306247.pdf,11,12,13,22,PSA012681,BoltSource
20260720154306247.pdf,12,13,14,22,PSN101904,BoltSource
20260720154306247.pdf,13,14,15,22,PSA012695,MRC
20260720154306247.pdf,14,15,16,22,PSB000216,MRC
20260720154306247.pdf,15,16,17,22,PSN102035,MRC
20260720154306247.pdf,16,17,18,22,PSN102035,MRC
20260720154306247.pdf,17,18,19,22,PSN102111,Heritage Woodworks
20260720154306247.pdf,18,19,20,22,PSN101991,"ProLine Extrusions, Inc."
20260720154306247.pdf,19,20,21,22,PSN102004,"ProLine Extrusions, Inc."
20260720154306247.pdf,20,21,23,22,PSN101990,"ProLine Extrusions, Inc."
20260722154047470.pdf,0,1,2,37,PSN102058,Atlas Coatings Inc
20260722154047470.pdf,1,2,3,37,PSN102029,Atlas Coatings Inc
20260722154047470.pdf,2,3,4,37,PSN100374,Midwest Metal Fabricators
20260722154047470.pdf,3,4,5,37,PSN101613,Midwest Metal Fabricators
20260722154047470.pdf,4,5,6,37,200-PSN102180,Pacific Industrial Supply
20260722154047470.pdf,5,6,7,37,200-PSN102057,Continental Coatings Group
20260722154047470.pdf,6,7,8,37,200-PSN102109,Continental Coatings Group
20260722154047470.pdf,7,8,9,37,PSN102158,Eagle Transfer and Logistics
20260722154047470.pdf,8,9,10,37,PSN102158,Eagle Transfer and Logistics
20260722154047470.pdf,9,10,11,37,PSN102158,Eagle Transfer and Logistics
20260722154047470.pdf,10,11,12,37,PSN102158,Eagle Transfer and Logistics
20260722154047470.pdf,11,12,13,37,PSN102158,Eagle Transfer and Logistics
20260722154047470.pdf,12,13,14,37,PSN102159,Eagle Transfer and Logistics
20260722154047470.pdf,13,14,15,37,PSN102159,Eagle Transfer and Logistics
20260722154047470.pdf,14,15,16,37,200-PSA012733,SafeShip Packaging Corp
20260722154047470.pdf,15,16,17,37,PSB000217,MRC LLC
20260722154047470.pdf,16,17,18,37,PSN102036,MRC LLC
20260722154047470.pdf,17,18,19,37,PSN102154,Precision Coating and Finishing
20260722154047470.pdf,18,19,20,37,PSN102115,Precision Coating and Finishing
20260722154047470.pdf,19,20,21,37,PSN102030,Precision Coating and Finishing
20260722154047470.pdf,20,21,22,37,PSN101751,Precision Coating and Finishing
20260722154047470.pdf,21,22,24,37,PSN102153,Precision Coating and Finishing
20260722154047470.pdf,22,24,25,37,PSN102101,Precision Coating and Finishing
20260722154047470.pdf,23,25,26,37,PSN102102,Precision Coating and Finishing
20260722154047470.pdf,24,26,27,37,PSN101941,Precision Coating and Finishing
20260722154047470.pdf,25,27,28,37,PSA012718,GreenCycle Reclamation
20260722154047470.pdf,26,28,29,37,200-PSM001105,QuickClamp Systems Ltd
20260722154047470.pdf,27,29,30,37,200-PSM001131,AirTech Solutions
20260722154047470.pdf,28,30,31,37,PSA012744,National Industrial Supply
20260722154047470.pdf,29,31,32,37,200-PSN101582,Delta Electronics
20260722154047470.pdf,30,32,33,37,200-PSN101583,Delta Electronics
20260722154047470.pdf,31,33,34,37,200-PSN102120,Delta Electronics
20260722154047470.pdf,32,34,35,37,200-PSN102139,CoreLink Partners
20260722154047470.pdf,33,35,36,37,200-PSN102116,Titan Plastics LLC
20260722154047470.pdf,34,36,37,37,200-PSN102119,Titan Plastics LLC
20260722154047470.pdf,35,37,38,37,200-PSN100003,CoreLink Partners
20260724131917214.pdf,0,1,2,19,200-PSA012755,Nova Systems LLC
20260724131917214.pdf,1,2,3,19,200-PSM001130,Premier Lubricants Co
20260724131917214.pdf,2,3,4,19,PSN102160,Eagle Transfer and Logistics
20260724131917214.pdf,3,4,5,19,PSN102161,Eagle Transfer and Logistics
20260724131917214.pdf,4,5,6,19,PSN102156,Precision Coating and Finishing
20260724131917214.pdf,5,6,7,19,PSN102154,Precision Coating and Finishing
20260724131917214.pdf,6,7,8,19,PSN102175,Precision Coating and Finishing
20260724131917214.pdf,7,8,9,19,PSN102100,Precision Coating and Finishing
20260724131917214.pdf,8,9,10,19,PSN102201,Precision Coating and Finishing
20260724131917214.pdf,9,10,11,19,PSN102153,Precision Coating and Finishing
20260724131917214.pdf,10,11,12,19,PSN102118,Precision Coating and Finishing
20260724131917214.pdf,11,12,13,19,200-PSN102139,CoreLink Partners
20260724131917214.pdf,12,13,14,19,PSN100749,"ProLine Extrusions, Inc."
20260724131917214.pdf,13,14,15,19,PSN101990,"ProLine Extrusions, Inc."
20260724131917214.pdf,14,15,16,19,PSN102004,"ProLine Extrusions, Inc."
20260724131917214.pdf,15,16,20,19,PSB000217,MRC - Springfield
